NACCAGE,EDUC,SEX,mean.adj,sd.adj,Zscore
40,10,0,2.110416306,0.129801975,
41,10,0,2.112187152,0.129801975,0
42,10,0,2.113981421,0.129801975,0
43,10,0,2.115811963,0.129801975,0
44,10,0,2.117691626,0.129801975,0
45,10,0,2.119633257,0.129801975,-1.720233791
46,10,0,2.121649705,0.129801975,0
47,10,0,2.123753819,0.129801975,0
48,10,0,2.125958499,0.129801975,0
49,10,0,2.128302928,0.129801975,0
50,10,0,2.130895257,0.129801975,0
51,10,0,2.133854814,0.129801975,0
52,10,0,2.137300926,0.129801975,0
53,10,0,2.141352919,0.129801975,0
54,10,0,2.146130121,0.129801975,0
55,10,0,2.151751859,0.129801975,0
56,10,0,2.158336205,0.129801975,0
57,10,0,2.165891972,0.129801975,0
58,10,0,2.174235468,0.129801975,0
59,10,0,2.183163408,0.129801975,0
60,10,0,2.192472508,0.129801975,-1.159077063
61,10,0,2.201959483,0.129801975,0
62,10,0,2.211421046,0.129801975,0
63,10,0,2.220653914,0.129801975,0
64,10,0,2.229457531,0.129801975,0
65,10,0,2.237721516,0.129801975,0
66,10,0,2.245444166,0.129801975,0
67,10,0,2.252630248,0.129801975,0
68,10,0,2.259284526,0.129801975,0
69,10,0,2.265411768,0.129801975,0
70,10,0,2.27101674,0.129801975,0
71,10,0,2.276104207,0.129801975,0
72,10,0,2.280683032,0.129801975,0
73,10,0,2.284830872,0.129801975,0
74,10,0,2.288682468,0.129801975,0
75,10,0,2.292374288,0.129801975,-0.389429451
76,10,0,2.296042803,0.129801975,0
77,10,0,2.299824481,0.129801975,0
78,10,0,2.303855791,0.129801975,0
79,10,0,2.308273202,0.129801975,0
80,10,0,2.313201881,0.129801975,0
81,10,0,2.318655952,0.129801975,0
82,10,0,2.324586518,0.129801975,0
83,10,0,2.330943954,0.129801975,0
84,10,0,2.337678639,0.129801975,0
85,10,0,2.34474095,0.129801975,0
86,10,0,2.352081263,0.129801975,0
87,10,0,2.359649956,0.129801975,0
88,10,0,2.367405263,0.129801975,0
89,10,0,2.375353912,0.129801975,0
90,10,0,2.383521108,0.129801975,0
91,10,0,2.391932094,0.129801975,0
92,10,0,2.400612114,0.129801975,0
93,10,0,2.409586408,0.129801975,0
94,10,0,2.418880221,0.129801975,0
95,10,0,2.428518795,0.129801975,0
40,11,0,2.103666254,0.129801975,0
41,11,0,2.1054371,0.129801975,0
42,11,0,2.107231369,0.129801975,0
43,11,0,2.109061911,0.129801975,0
44,11,0,2.110941573,0.129801975,0
45,11,0,2.112883205,0.129801975,0
46,11,0,2.114899653,0.129801975,0
47,11,0,2.117003767,0.129801975,0
48,11,0,2.119208447,0.129801975,0
49,11,0,2.121552876,0.129801975,0
50,11,0,2.124145205,0.129801975,0
51,11,0,2.127104762,0.129801975,0
52,11,0,2.130550874,0.129801975,0
53,11,0,2.134602867,0.129801975,0
54,11,0,2.139380069,0.129801975,0
55,11,0,2.145001807,0.129801975,0
56,11,0,2.151586153,0.129801975,0
57,11,0,2.15914192,0.129801975,0
58,11,0,2.167485415,0.129801975,0
59,11,0,2.176413356,0.129801975,0
60,11,0,2.185722456,0.129801975,0
61,11,0,2.195209431,0.129801975,0
62,11,0,2.204670994,0.129801975,0
63,11,0,2.213903862,0.129801975,0
64,11,0,2.222707479,0.129801975,0
65,11,0,2.230971464,0.129801975,0
66,11,0,2.238694114,0.129801975,0
67,11,0,2.245880196,0.129801975,0
68,11,0,2.252534474,0.129801975,0
69,11,0,2.258661716,0.129801975,0
70,11,0,2.264266688,0.129801975,0
71,11,0,2.269354155,0.129801975,0
72,11,0,2.27393298,0.129801975,0
73,11,0,2.27808082,0.129801975,0
74,11,0,2.281932415,0.129801975,0
75,11,0,2.285624236,0.129801975,0
76,11,0,2.289292751,0.129801975,0
77,11,0,2.293074429,0.129801975,0
78,11,0,2.297105739,0.129801975,0
79,11,0,2.30152315,0.129801975,0
80,11,0,2.306451829,0.129801975,0
81,11,0,2.3119059,0.129801975,0
82,11,0,2.317836466,0.129801975,0
83,11,0,2.324193902,0.129801975,0
84,11,0,2.330928587,0.129801975,0
85,11,0,2.337990898,0.129801975,0
86,11,0,2.345331211,0.129801975,0
87,11,0,2.352899904,0.129801975,0
88,11,0,2.360655211,0.129801975,0
89,11,0,2.36860386,0.129801975,0
90,11,0,2.376771056,0.129801975,0
91,11,0,2.385182042,0.129801975,0
92,11,0,2.393862062,0.129801975,0
93,11,0,2.402836356,0.129801975,0
94,11,0,2.412130169,0.129801975,0
95,11,0,2.421768743,0.129801975,0
40,12,0,2.096916202,0.129801975,0
41,12,0,2.098687048,0.129801975,0
42,12,0,2.100481317,0.129801975,0
43,12,0,2.102311859,0.129801975,0
44,12,0,2.104191521,0.129801975,0
45,12,0,2.106133153,0.129801975,0
46,12,0,2.108149601,0.129801975,0
47,12,0,2.110253715,0.129801975,0
48,12,0,2.112458395,0.129801975,0
49,12,0,2.114802824,0.129801975,0
50,12,0,2.117395153,0.129801975,0
51,12,0,2.12035471,0.129801975,0
52,12,0,2.123800822,0.129801975,0
53,12,0,2.127852815,0.129801975,0
54,12,0,2.132630017,0.129801975,0
55,12,0,2.138251755,0.129801975,0
56,12,0,2.144836101,0.129801975,0
57,12,0,2.152391868,0.129801975,0
58,12,0,2.160735363,0.129801975,0
59,12,0,2.169663304,0.129801975,0
60,12,0,2.178972404,0.129801975,0
61,12,0,2.188459379,0.129801975,0
62,12,0,2.197920942,0.129801975,0
63,12,0,2.20715381,0.129801975,0
64,12,0,2.215957427,0.129801975,0
65,12,0,2.224221412,0.129801975,0
66,12,0,2.231944062,0.129801975,0
67,12,0,2.239130144,0.129801975,0
68,12,0,2.245784422,0.129801975,0
69,12,0,2.251911664,0.129801975,0
70,12,0,2.257516636,0.129801975,0
71,12,0,2.262604103,0.129801975,0
72,12,0,2.267182928,0.129801975,0
73,12,0,2.271330768,0.129801975,0
74,12,0,2.275182363,0.129801975,0
75,12,0,2.278874184,0.129801975,0
76,12,0,2.282542699,0.129801975,0
77,12,0,2.286324377,0.129801975,0
78,12,0,2.290355687,0.129801975,0
79,12,0,2.294773098,0.129801975,0
80,12,0,2.299701776,0.129801975,0
81,12,0,2.305155848,0.129801975,0
82,12,0,2.311086414,0.129801975,0
83,12,0,2.31744385,0.129801975,0
84,12,0,2.324178535,0.129801975,0
85,12,0,2.331240846,0.129801975,0
86,12,0,2.338581159,0.129801975,0
87,12,0,2.346149851,0.129801975,0
88,12,0,2.353905159,0.129801975,0
89,12,0,2.361853808,0.129801975,0
90,12,0,2.370021004,0.129801975,0
91,12,0,2.37843199,0.129801975,0
92,12,0,2.38711201,0.129801975,0
93,12,0,2.396086304,0.129801975,0
94,12,0,2.405380117,0.129801975,0
95,12,0,2.415018691,0.129801975,0
40,13,0,2.09016615,0.129801975,0
41,13,0,2.091936996,0.129801975,0
42,13,0,2.093731265,0.129801975,0
43,13,0,2.095561807,0.129801975,0
44,13,0,2.097441469,0.129801975,0
45,13,0,2.099383101,0.129801975,0
46,13,0,2.101399549,0.129801975,0
47,13,0,2.103503663,0.129801975,0
48,13,0,2.105708343,0.129801975,0
49,13,0,2.108052772,0.129801975,0
50,13,0,2.110645101,0.129801975,0
51,13,0,2.113604658,0.129801975,0
52,13,0,2.11705077,0.129801975,0
53,13,0,2.121102763,0.129801975,0
54,13,0,2.125879965,0.129801975,0
55,13,0,2.131501703,0.129801975,0
56,13,0,2.138086049,0.129801975,0
57,13,0,2.145641816,0.129801975,0
58,13,0,2.153985311,0.129801975,0
59,13,0,2.162913252,0.129801975,0
60,13,0,2.172222352,0.129801975,0
61,13,0,2.181709327,0.129801975,0
62,13,0,2.19117089,0.129801975,0
63,13,0,2.200403758,0.129801975,0
64,13,0,2.209207375,0.129801975,0
65,13,0,2.21747136,0.129801975,0
66,13,0,2.22519401,0.129801975,0
67,13,0,2.232380092,0.129801975,0
68,13,0,2.23903437,0.129801975,0
69,13,0,2.245161612,0.129801975,0
70,13,0,2.250766584,0.129801975,0
71,13,0,2.255854051,0.129801975,0
72,13,0,2.260432876,0.129801975,0
73,13,0,2.264580716,0.129801975,0
74,13,0,2.268432311,0.129801975,0
75,13,0,2.272124132,0.129801975,0
76,13,0,2.275792647,0.129801975,0
77,13,0,2.279574325,0.129801975,0
78,13,0,2.283605635,0.129801975,0
79,13,0,2.288023046,0.129801975,0
80,13,0,2.292951724,0.129801975,0
81,13,0,2.298405796,0.129801975,0
82,13,0,2.304336362,0.129801975,0
83,13,0,2.310693798,0.129801975,0
84,13,0,2.317428483,0.129801975,0
85,13,0,2.324490794,0.129801975,0
86,13,0,2.331831107,0.129801975,0
87,13,0,2.339399799,0.129801975,0
88,13,0,2.347155107,0.129801975,0
89,13,0,2.355103756,0.129801975,0
90,13,0,2.363270952,0.129801975,0
91,13,0,2.371681938,0.129801975,0
92,13,0,2.380361957,0.129801975,0
93,13,0,2.389336252,0.129801975,0
94,13,0,2.398630065,0.129801975,0
95,13,0,2.408268639,0.129801975,0
40,14,0,2.083416098,0.129801975,0
41,14,0,2.085186944,0.129801975,0
42,14,0,2.086981213,0.129801975,0
43,14,0,2.088811755,0.129801975,0
44,14,0,2.090691417,0.129801975,0
45,14,0,2.092633049,0.129801975,0
46,14,0,2.094649497,0.129801975,0
47,14,0,2.096753611,0.129801975,0
48,14,0,2.098958291,0.129801975,0
49,14,0,2.10130272,0.129801975,0
50,14,0,2.103895049,0.129801975,0
51,14,0,2.106854606,0.129801975,0
52,14,0,2.110300718,0.129801975,0
53,14,0,2.114352711,0.129801975,0
54,14,0,2.119129913,0.129801975,0
55,14,0,2.124751651,0.129801975,0
56,14,0,2.131335997,0.129801975,0
57,14,0,2.138891763,0.129801975,0
58,14,0,2.147235259,0.129801975,0
59,14,0,2.1561632,0.129801975,0
60,14,0,2.1654723,0.129801975,0
61,14,0,2.174959275,0.129801975,0
62,14,0,2.184420838,0.129801975,0
63,14,0,2.193653706,0.129801975,0
64,14,0,2.202457323,0.129801975,0
65,14,0,2.210721308,0.129801975,0
66,14,0,2.218443958,0.129801975,0
67,14,0,2.22563004,0.129801975,0
68,14,0,2.232284318,0.129801975,0
69,14,0,2.23841156,0.129801975,0
70,14,0,2.244016532,0.129801975,0
71,14,0,2.249103999,0.129801975,0
72,14,0,2.253682824,0.129801975,0
73,14,0,2.257830664,0.129801975,0
74,14,0,2.261682259,0.129801975,0
75,14,0,2.26537408,0.129801975,0
76,14,0,2.269042595,0.129801975,0
77,14,0,2.272824273,0.129801975,0
78,14,0,2.276855583,0.129801975,0
79,14,0,2.281272994,0.129801975,0
80,14,0,2.286201672,0.129801975,0
81,14,0,2.291655744,0.129801975,0
82,14,0,2.29758631,0.129801975,0
83,14,0,2.303943746,0.129801975,0
84,14,0,2.310678431,0.129801975,0
85,14,0,2.317740742,0.129801975,0
86,14,0,2.325081055,0.129801975,0
87,14,0,2.332649747,0.129801975,0
88,14,0,2.340405055,0.129801975,0
89,14,0,2.348353704,0.129801975,0
90,14,0,2.3565209,0.129801975,0
91,14,0,2.364931886,0.129801975,0
92,14,0,2.373611905,0.129801975,0
93,14,0,2.3825862,0.129801975,0
94,14,0,2.391880013,0.129801975,0
95,14,0,2.401518587,0.129801975,0
40,15,0,2.076666046,0.129801975,0
41,15,0,2.078436892,0.129801975,0
42,15,0,2.080231161,0.129801975,0
43,15,0,2.082061703,0.129801975,0
44,15,0,2.083941365,0.129801975,0
45,15,0,2.085882997,0.129801975,0
46,15,0,2.087899445,0.129801975,0
47,15,0,2.090003559,0.129801975,0
48,15,0,2.092208239,0.129801975,0
49,15,0,2.094552668,0.129801975,0
50,15,0,2.097144997,0.129801975,0
51,15,0,2.100104554,0.129801975,0
52,15,0,2.103550666,0.129801975,0
53,15,0,2.107602659,0.129801975,0
54,15,0,2.112379861,0.129801975,0
55,15,0,2.118001599,0.129801975,0
56,15,0,2.124585945,0.129801975,0
57,15,0,2.132141711,0.129801975,0
58,15,0,2.140485207,0.129801975,0
59,15,0,2.149413148,0.129801975,0
60,15,0,2.158722248,0.129801975,0
61,15,0,2.168209223,0.129801975,0
62,15,0,2.177670786,0.129801975,0
63,15,0,2.186903654,0.129801975,0
64,15,0,2.195707271,0.129801975,0
65,15,0,2.203971256,0.129801975,0
66,15,0,2.211693906,0.129801975,0
67,15,0,2.218879988,0.129801975,0
68,15,0,2.225534266,0.129801975,0
69,15,0,2.231661508,0.129801975,0
70,15,0,2.23726648,0.129801975,0
71,15,0,2.242353947,0.129801975,0
72,15,0,2.246932772,0.129801975,0
73,15,0,2.251080612,0.129801975,0
74,15,0,2.254932207,0.129801975,0
75,15,0,2.258624028,0.129801975,0
76,15,0,2.262292543,0.129801975,0
77,15,0,2.266074221,0.129801975,0
78,15,0,2.270105531,0.129801975,0
79,15,0,2.274522942,0.129801975,0
80,15,0,2.27945162,0.129801975,0
81,15,0,2.284905692,0.129801975,0
82,15,0,2.290836258,0.129801975,0
83,15,0,2.297193694,0.129801975,0
84,15,0,2.303928379,0.129801975,0
85,15,0,2.31099069,0.129801975,0
86,15,0,2.318331003,0.129801975,0
87,15,0,2.325899695,0.129801975,0
88,15,0,2.333655003,0.129801975,0
89,15,0,2.341603652,0.129801975,0
90,15,0,2.349770848,0.129801975,0
91,15,0,2.358181834,0.129801975,0
92,15,0,2.366861853,0.129801975,0
93,15,0,2.375836148,0.129801975,0
94,15,0,2.385129961,0.129801975,0
95,15,0,2.394768535,0.129801975,0
40,16,0,2.069915994,0.129801975,0
41,16,0,2.07168684,0.129801975,0
42,16,0,2.073481109,0.129801975,0
43,16,0,2.075311651,0.129801975,0
44,16,0,2.077191313,0.129801975,0
45,16,0,2.079132945,0.129801975,-2.032249938
46,16,0,2.081149393,0.129801975,0
47,16,0,2.083253507,0.129801975,0
48,16,0,2.085458187,0.129801975,0
49,16,0,2.087802616,0.129801975,0
50,16,0,2.090394945,0.129801975,0
51,16,0,2.093354502,0.129801975,0
52,16,0,2.096800614,0.129801975,0
53,16,0,2.100852607,0.129801975,0
54,16,0,2.105629809,0.129801975,0
55,16,0,2.111251547,0.129801975,0
56,16,0,2.117835893,0.129801975,0
57,16,0,2.125391659,0.129801975,0
58,16,0,2.133735155,0.129801975,0
59,16,0,2.142663096,0.129801975,0
60,16,0,2.151972196,0.129801975,-1.471093211
61,16,0,2.161459171,0.129801975,0
62,16,0,2.170920734,0.129801975,0
63,16,0,2.180153602,0.129801975,0
64,16,0,2.188957219,0.129801975,0
65,16,0,2.197221204,0.129801975,0
66,16,0,2.204943854,0.129801975,0
67,16,0,2.212129936,0.129801975,0
68,16,0,2.218784214,0.129801975,0
69,16,0,2.224911456,0.129801975,0
70,16,0,2.230516428,0.129801975,0
71,16,0,2.235603895,0.129801975,0
72,16,0,2.24018272,0.129801975,0
73,16,0,2.24433056,0.129801975,0
74,16,0,2.248182155,0.129801975,0
75,16,0,2.251873976,0.129801975,-0.701445599
76,16,0,2.255542491,0.129801975,0
77,16,0,2.259324169,0.129801975,0
78,16,0,2.263355479,0.129801975,0
79,16,0,2.26777289,0.129801975,0
80,16,0,2.272701568,0.129801975,0
81,16,0,2.27815564,0.129801975,0
82,16,0,2.284086206,0.129801975,0
83,16,0,2.290443642,0.129801975,0
84,16,0,2.297178327,0.129801975,0
85,16,0,2.304240638,0.129801975,0
86,16,0,2.311580951,0.129801975,0
87,16,0,2.319149643,0.129801975,0
88,16,0,2.326904951,0.129801975,0
89,16,0,2.3348536,0.129801975,0
90,16,0,2.343020796,0.129801975,0
91,16,0,2.351431782,0.129801975,0
92,16,0,2.360111801,0.129801975,0
93,16,0,2.369086096,0.129801975,0
94,16,0,2.378379909,0.129801975,0
95,16,0,2.388018483,0.129801975,0
40,17,0,2.063165942,0.129801975,0
41,17,0,2.064936788,0.129801975,0
42,17,0,2.066731057,0.129801975,0
43,17,0,2.068561599,0.129801975,0
44,17,0,2.070441261,0.129801975,0
45,17,0,2.072382893,0.129801975,0
46,17,0,2.074399341,0.129801975,0
47,17,0,2.076503455,0.129801975,0
48,17,0,2.078708135,0.129801975,0
49,17,0,2.081052564,0.129801975,0
50,17,0,2.083644893,0.129801975,0
51,17,0,2.08660445,0.129801975,0
52,17,0,2.090050562,0.129801975,0
53,17,0,2.094102555,0.129801975,0
54,17,0,2.098879757,0.129801975,0
55,17,0,2.104501495,0.129801975,0
56,17,0,2.111085841,0.129801975,0
57,17,0,2.118641607,0.129801975,0
58,17,0,2.126985103,0.129801975,0
59,17,0,2.135913044,0.129801975,0
60,17,0,2.145222144,0.129801975,0
61,17,0,2.154709119,0.129801975,0
62,17,0,2.164170682,0.129801975,0
63,17,0,2.17340355,0.129801975,0
64,17,0,2.182207167,0.129801975,0
65,17,0,2.190471152,0.129801975,0
66,17,0,2.198193802,0.129801975,0
67,17,0,2.205379883,0.129801975,0
68,17,0,2.212034162,0.129801975,0
69,17,0,2.218161404,0.129801975,0
70,17,0,2.223766376,0.129801975,0
71,17,0,2.228853843,0.129801975,0
72,17,0,2.233432668,0.129801975,0
73,17,0,2.237580508,0.129801975,0
74,17,0,2.241432103,0.129801975,0
75,17,0,2.245123924,0.129801975,0
76,17,0,2.248792439,0.129801975,0
77,17,0,2.252574117,0.129801975,0
78,17,0,2.256605427,0.129801975,0
79,17,0,2.261022838,0.129801975,0
80,17,0,2.265951516,0.129801975,0
81,17,0,2.271405588,0.129801975,0
82,17,0,2.277336154,0.129801975,0
83,17,0,2.28369359,0.129801975,0
84,17,0,2.290428275,0.129801975,0
85,17,0,2.297490585,0.129801975,0
86,17,0,2.304830898,0.129801975,0
87,17,0,2.312399591,0.129801975,0
88,17,0,2.320154899,0.129801975,0
89,17,0,2.328103548,0.129801975,0
90,17,0,2.336270744,0.129801975,0
91,17,0,2.34468173,0.129801975,0
92,17,0,2.353361749,0.129801975,0
93,17,0,2.362336044,0.129801975,0
94,17,0,2.371629857,0.129801975,0
95,17,0,2.381268431,0.129801975,0
40,18,0,2.05641589,0.129801975,0
41,18,0,2.058186736,0.129801975,0
42,18,0,2.059981005,0.129801975,0
43,18,0,2.061811547,0.129801975,0
44,18,0,2.063691209,0.129801975,0
45,18,0,2.065632841,0.129801975,0
46,18,0,2.067649289,0.129801975,0
47,18,0,2.069753403,0.129801975,0
48,18,0,2.071958083,0.129801975,0
49,18,0,2.074302512,0.129801975,0
50,18,0,2.076894841,0.129801975,0
51,18,0,2.079854398,0.129801975,0
52,18,0,2.08330051,0.129801975,0
53,18,0,2.087352503,0.129801975,0
54,18,0,2.092129705,0.129801975,0
55,18,0,2.097751443,0.129801975,0
56,18,0,2.104335789,0.129801975,0
57,18,0,2.111891555,0.129801975,0
58,18,0,2.120235051,0.129801975,0
59,18,0,2.129162992,0.129801975,0
60,18,0,2.138472092,0.129801975,0
61,18,0,2.147959066,0.129801975,0
62,18,0,2.15742063,0.129801975,0
63,18,0,2.166653498,0.129801975,0
64,18,0,2.175457115,0.129801975,0
65,18,0,2.1837211,0.129801975,0
66,18,0,2.19144375,0.129801975,0
67,18,0,2.198629831,0.129801975,0
68,18,0,2.20528411,0.129801975,0
69,18,0,2.211411352,0.129801975,0
70,18,0,2.217016324,0.129801975,0
71,18,0,2.222103791,0.129801975,0
72,18,0,2.226682616,0.129801975,0
73,18,0,2.230830456,0.129801975,0
74,18,0,2.234682051,0.129801975,0
75,18,0,2.238373872,0.129801975,0
76,18,0,2.242042387,0.129801975,0
77,18,0,2.245824065,0.129801975,0
78,18,0,2.249855375,0.129801975,0
79,18,0,2.254272786,0.129801975,0
80,18,0,2.259201464,0.129801975,0
81,18,0,2.264655536,0.129801975,0
82,18,0,2.270586102,0.129801975,0
83,18,0,2.276943538,0.129801975,0
84,18,0,2.283678223,0.129801975,0
85,18,0,2.290740533,0.129801975,0
86,18,0,2.298080846,0.129801975,0
87,18,0,2.305649539,0.129801975,0
88,18,0,2.313404847,0.129801975,0
89,18,0,2.321353496,0.129801975,0
90,18,0,2.329520692,0.129801975,0
91,18,0,2.337931678,0.129801975,0
92,18,0,2.346611697,0.129801975,0
93,18,0,2.355585992,0.129801975,0
94,18,0,2.364879805,0.129801975,0
95,18,0,2.374518379,0.129801975,0
40,19,0,2.049665838,0.129801975,0
41,19,0,2.051436684,0.129801975,0
42,19,0,2.053230953,0.129801975,0
43,19,0,2.055061495,0.129801975,0
44,19,0,2.056941157,0.129801975,0
45,19,0,2.058882789,0.129801975,0
46,19,0,2.060899237,0.129801975,0
47,19,0,2.063003351,0.129801975,0
48,19,0,2.065208031,0.129801975,0
49,19,0,2.06755246,0.129801975,0
50,19,0,2.070144789,0.129801975,0
51,19,0,2.073104346,0.129801975,0
52,19,0,2.076550458,0.129801975,0
53,19,0,2.080602451,0.129801975,0
54,19,0,2.085379653,0.129801975,0
55,19,0,2.091001391,0.129801975,0
56,19,0,2.097585737,0.129801975,0
57,19,0,2.105141503,0.129801975,0
58,19,0,2.113484999,0.129801975,0
59,19,0,2.12241294,0.129801975,0
60,19,0,2.13172204,0.129801975,0
61,19,0,2.141209014,0.129801975,0
62,19,0,2.150670578,0.129801975,0
63,19,0,2.159903446,0.129801975,0
64,19,0,2.168707063,0.129801975,0
65,19,0,2.176971048,0.129801975,0
66,19,0,2.184693698,0.129801975,0
67,19,0,2.191879779,0.129801975,0
68,19,0,2.198534058,0.129801975,0
69,19,0,2.2046613,0.129801975,0
70,19,0,2.210266272,0.129801975,0
71,19,0,2.215353739,0.129801975,0
72,19,0,2.219932564,0.129801975,0
73,19,0,2.224080404,0.129801975,0
74,19,0,2.227931999,0.129801975,0
75,19,0,2.23162382,0.129801975,0
76,19,0,2.235292335,0.129801975,0
77,19,0,2.239074013,0.129801975,0
78,19,0,2.243105323,0.129801975,0
79,19,0,2.247522734,0.129801975,0
80,19,0,2.252451412,0.129801975,0
81,19,0,2.257905484,0.129801975,0
82,19,0,2.26383605,0.129801975,0
83,19,0,2.270193486,0.129801975,0
84,19,0,2.276928171,0.129801975,0
85,19,0,2.283990481,0.129801975,0
86,19,0,2.291330794,0.129801975,0
87,19,0,2.298899487,0.129801975,0
88,19,0,2.306654795,0.129801975,0
89,19,0,2.314603444,0.129801975,0
90,19,0,2.32277064,0.129801975,0
91,19,0,2.331181626,0.129801975,0
92,19,0,2.339861645,0.129801975,0
93,19,0,2.34883594,0.129801975,0
94,19,0,2.358129753,0.129801975,0
95,19,0,2.367768327,0.129801975,0
40,20,0,2.042915786,0.129801975,0
41,20,0,2.044686632,0.129801975,0
42,20,0,2.046480901,0.129801975,0
43,20,0,2.048311443,0.129801975,0
44,20,0,2.050191105,0.129801975,0
45,20,0,2.052132737,0.129801975,0
46,20,0,2.054149185,0.129801975,0
47,20,0,2.056253299,0.129801975,0
48,20,0,2.058457979,0.129801975,0
49,20,0,2.060802408,0.129801975,0
50,20,0,2.063394737,0.129801975,0
51,20,0,2.066354294,0.129801975,0
52,20,0,2.069800406,0.129801975,0
53,20,0,2.073852399,0.129801975,0
54,20,0,2.078629601,0.129801975,0
55,20,0,2.084251339,0.129801975,0
56,20,0,2.090835685,0.129801975,0
57,20,0,2.098391451,0.129801975,0
58,20,0,2.106734947,0.129801975,0
59,20,0,2.115662888,0.129801975,0
60,20,0,2.124971988,0.129801975,0
61,20,0,2.134458962,0.129801975,0
62,20,0,2.143920526,0.129801975,0
63,20,0,2.153153394,0.129801975,0
64,20,0,2.161957011,0.129801975,0
65,20,0,2.170220996,0.129801975,0
66,20,0,2.177943646,0.129801975,0
67,20,0,2.185129727,0.129801975,0
68,20,0,2.191784006,0.129801975,0
69,20,0,2.197911248,0.129801975,0
70,20,0,2.20351622,0.129801975,0
71,20,0,2.208603687,0.129801975,0
72,20,0,2.213182512,0.129801975,0
73,20,0,2.217330352,0.129801975,0
74,20,0,2.221181947,0.129801975,0
75,20,0,2.224873768,0.129801975,0
76,20,0,2.228542283,0.129801975,0
77,20,0,2.232323961,0.129801975,0
78,20,0,2.236355271,0.129801975,0
79,20,0,2.240772682,0.129801975,0
80,20,0,2.24570136,0.129801975,0
81,20,0,2.251155432,0.129801975,0
82,20,0,2.257085998,0.129801975,0
83,20,0,2.263443434,0.129801975,0
84,20,0,2.270178119,0.129801975,0
85,20,0,2.277240429,0.129801975,0
86,20,0,2.284580742,0.129801975,0
87,20,0,2.292149435,0.129801975,0
88,20,0,2.299904743,0.129801975,0
89,20,0,2.307853392,0.129801975,0
90,20,0,2.316020588,0.129801975,0
91,20,0,2.324431574,0.129801975,0
92,20,0,2.333111593,0.129801975,0
93,20,0,2.342085888,0.129801975,0
94,20,0,2.351379701,0.129801975,0
95,20,0,2.361018275,0.129801975,0
40,10,1,2.113244524,0.129801975,0
41,10,1,2.115015369,0.129801975,0
42,10,1,2.116809639,0.129801975,0
43,10,1,2.118640181,0.129801975,0
44,10,1,2.120519843,0.129801975,0
45,10,1,2.122461474,0.129801975,-1.698445081
46,10,1,2.124477923,0.129801975,0
47,10,1,2.126582037,0.129801975,0
48,10,1,2.128786716,0.129801975,0
49,10,1,2.131131145,0.129801975,0
50,10,1,2.133723475,0.129801975,0
51,10,1,2.136683032,0.129801975,0
52,10,1,2.140129144,0.129801975,0
53,10,1,2.144181137,0.129801975,0
54,10,1,2.148958339,0.129801975,0
55,10,1,2.154580077,0.129801975,0
56,10,1,2.161164423,0.129801975,0
57,10,1,2.168720189,0.129801975,0
58,10,1,2.177063685,0.129801975,0
59,10,1,2.185991626,0.129801975,0
60,10,1,2.195300726,0.129801975,-1.137288354
61,10,1,2.2047877,0.129801975,0
62,10,1,2.214249264,0.129801975,0
63,10,1,2.223482132,0.129801975,0
64,10,1,2.232285748,0.129801975,0
65,10,1,2.240549734,0.129801975,0
66,10,1,2.248272384,0.129801975,0
67,10,1,2.255458465,0.129801975,0
68,10,1,2.262112744,0.129801975,0
69,10,1,2.268239986,0.129801975,0
70,10,1,2.273844957,0.129801975,0
71,10,1,2.278932425,0.129801975,0
72,10,1,2.28351125,0.129801975,0
73,10,1,2.287659089,0.129801975,0
74,10,1,2.291510685,0.129801975,0
75,10,1,2.295202506,0.129801975,-0.367640742
76,10,1,2.29887102,0.129801975,0
77,10,1,2.302652698,0.129801975,0
78,10,1,2.306684008,0.129801975,0
79,10,1,2.31110142,0.129801975,0
80,10,1,2.316030098,0.129801975,0
81,10,1,2.32148417,0.129801975,0
82,10,1,2.327414735,0.129801975,0
83,10,1,2.333772172,0.129801975,0
84,10,1,2.340506857,0.129801975,0
85,10,1,2.347569167,0.129801975,0
86,10,1,2.35490948,0.129801975,0
87,10,1,2.362478173,0.129801975,0
88,10,1,2.370233481,0.129801975,0
89,10,1,2.378182129,0.129801975,0
90,10,1,2.386349326,0.129801975,0
91,10,1,2.394760312,0.129801975,0
92,10,1,2.403440331,0.129801975,0
93,10,1,2.412414626,0.129801975,0
94,10,1,2.421708439,0.129801975,0
95,10,1,2.431347012,0.129801975,0
40,11,1,2.106494472,0.129801975,0
41,11,1,2.108265317,0.129801975,0
42,11,1,2.110059587,0.129801975,0
43,11,1,2.111890129,0.129801975,0
44,11,1,2.113769791,0.129801975,0
45,11,1,2.115711422,0.129801975,0
46,11,1,2.117727871,0.129801975,0
47,11,1,2.119831985,0.129801975,0
48,11,1,2.122036664,0.129801975,0
49,11,1,2.124381093,0.129801975,0
50,11,1,2.126973423,0.129801975,0
51,11,1,2.12993298,0.129801975,0
52,11,1,2.133379092,0.129801975,0
53,11,1,2.137431085,0.129801975,0
54,11,1,2.142208287,0.129801975,0
55,11,1,2.147830025,0.129801975,0
56,11,1,2.154414371,0.129801975,0
57,11,1,2.161970137,0.129801975,0
58,11,1,2.170313633,0.129801975,0
59,11,1,2.179241574,0.129801975,0
60,11,1,2.188550674,0.129801975,0
61,11,1,2.198037648,0.129801975,0
62,11,1,2.207499212,0.129801975,0
63,11,1,2.21673208,0.129801975,0
64,11,1,2.225535696,0.129801975,0
65,11,1,2.233799682,0.129801975,0
66,11,1,2.241522332,0.129801975,0
67,11,1,2.248708413,0.129801975,0
68,11,1,2.255362692,0.129801975,0
69,11,1,2.261489934,0.129801975,0
70,11,1,2.267094905,0.129801975,0
71,11,1,2.272182373,0.129801975,0
72,11,1,2.276761198,0.129801975,0
73,11,1,2.280909037,0.129801975,0
74,11,1,2.284760633,0.129801975,0
75,11,1,2.288452454,0.129801975,0
76,11,1,2.292120968,0.129801975,0
77,11,1,2.295902646,0.129801975,0
78,11,1,2.299933956,0.129801975,0
79,11,1,2.304351367,0.129801975,0
80,11,1,2.309280046,0.129801975,0
81,11,1,2.314734118,0.129801975,0
82,11,1,2.320664683,0.129801975,0
83,11,1,2.32702212,0.129801975,0
84,11,1,2.333756805,0.129801975,0
85,11,1,2.340819115,0.129801975,0
86,11,1,2.348159428,0.129801975,0
87,11,1,2.355728121,0.129801975,0
88,11,1,2.363483429,0.129801975,0
89,11,1,2.371432077,0.129801975,0
90,11,1,2.379599274,0.129801975,0
91,11,1,2.38801026,0.129801975,0
92,11,1,2.396690279,0.129801975,0
93,11,1,2.405664574,0.129801975,0
94,11,1,2.414958387,0.129801975,0
95,11,1,2.42459696,0.129801975,0
40,12,1,2.099744419,0.129801975,0
41,12,1,2.101515265,0.129801975,0
42,12,1,2.103309535,0.129801975,0
43,12,1,2.105140077,0.129801975,0
44,12,1,2.107019739,0.129801975,0
45,12,1,2.10896137,0.129801975,0
46,12,1,2.110977819,0.129801975,0
47,12,1,2.113081933,0.129801975,0
48,12,1,2.115286612,0.129801975,0
49,12,1,2.117631041,0.129801975,0
50,12,1,2.120223371,0.129801975,0
51,12,1,2.123182928,0.129801975,0
52,12,1,2.126629039,0.129801975,0
53,12,1,2.130681033,0.129801975,0
54,12,1,2.135458235,0.129801975,0
55,12,1,2.141079972,0.129801975,0
56,12,1,2.147664319,0.129801975,0
57,12,1,2.155220085,0.129801975,0
58,12,1,2.163563581,0.129801975,0
59,12,1,2.172491522,0.129801975,0
60,12,1,2.181800622,0.129801975,0
61,12,1,2.191287596,0.129801975,0
62,12,1,2.20074916,0.129801975,0
63,12,1,2.209982028,0.129801975,0
64,12,1,2.218785644,0.129801975,0
65,12,1,2.22704963,0.129801975,0
66,12,1,2.23477228,0.129801975,0
67,12,1,2.241958361,0.129801975,0
68,12,1,2.24861264,0.129801975,0
69,12,1,2.254739882,0.129801975,0
70,12,1,2.260344853,0.129801975,0
71,12,1,2.265432321,0.129801975,0
72,12,1,2.270011146,0.129801975,0
73,12,1,2.274158985,0.129801975,0
74,12,1,2.278010581,0.129801975,0
75,12,1,2.281702402,0.129801975,0
76,12,1,2.285370916,0.129801975,0
77,12,1,2.289152594,0.129801975,0
78,12,1,2.293183904,0.129801975,0
79,12,1,2.297601315,0.129801975,0
80,12,1,2.302529994,0.129801975,0
81,12,1,2.307984066,0.129801975,0
82,12,1,2.313914631,0.129801975,0
83,12,1,2.320272068,0.129801975,0
84,12,1,2.327006753,0.129801975,0
85,12,1,2.334069063,0.129801975,0
86,12,1,2.341409376,0.129801975,0
87,12,1,2.348978069,0.129801975,0
88,12,1,2.356733377,0.129801975,0
89,12,1,2.364682025,0.129801975,0
90,12,1,2.372849222,0.129801975,0
91,12,1,2.381260208,0.129801975,0
92,12,1,2.389940227,0.129801975,0
93,12,1,2.398914522,0.129801975,0
94,12,1,2.408208335,0.129801975,0
95,12,1,2.417846908,0.129801975,0
40,13,1,2.092994367,0.129801975,0
41,13,1,2.094765213,0.129801975,0
42,13,1,2.096559483,0.129801975,0
43,13,1,2.098390025,0.129801975,0
44,13,1,2.100269687,0.129801975,0
45,13,1,2.102211318,0.129801975,0
46,13,1,2.104227767,0.129801975,0
47,13,1,2.106331881,0.129801975,0
48,13,1,2.10853656,0.129801975,0
49,13,1,2.110880989,0.129801975,0
50,13,1,2.113473319,0.129801975,0
51,13,1,2.116432876,0.129801975,0
52,13,1,2.119878987,0.129801975,0
53,13,1,2.123930981,0.129801975,0
54,13,1,2.128708183,0.129801975,0
55,13,1,2.13432992,0.129801975,0
56,13,1,2.140914267,0.129801975,0
57,13,1,2.148470033,0.129801975,0
58,13,1,2.156813529,0.129801975,0
59,13,1,2.16574147,0.129801975,0
60,13,1,2.17505057,0.129801975,0
61,13,1,2.184537544,0.129801975,0
62,13,1,2.193999108,0.129801975,0
63,13,1,2.203231976,0.129801975,0
64,13,1,2.212035592,0.129801975,0
65,13,1,2.220299578,0.129801975,0
66,13,1,2.228022228,0.129801975,0
67,13,1,2.235208309,0.129801975,0
68,13,1,2.241862588,0.129801975,0
69,13,1,2.24798983,0.129801975,0
70,13,1,2.253594801,0.129801975,0
71,13,1,2.258682269,0.129801975,0
72,13,1,2.263261094,0.129801975,0
73,13,1,2.267408933,0.129801975,0
74,13,1,2.271260529,0.129801975,0
75,13,1,2.27495235,0.129801975,0
76,13,1,2.278620864,0.129801975,0
77,13,1,2.282402542,0.129801975,0
78,13,1,2.286433852,0.129801975,0
79,13,1,2.290851263,0.129801975,0
80,13,1,2.295779942,0.129801975,0
81,13,1,2.301234014,0.129801975,0
82,13,1,2.307164579,0.129801975,0
83,13,1,2.313522016,0.129801975,0
84,13,1,2.320256701,0.129801975,0
85,13,1,2.327319011,0.129801975,0
86,13,1,2.334659324,0.129801975,0
87,13,1,2.342228017,0.129801975,0
88,13,1,2.349983325,0.129801975,0
89,13,1,2.357931973,0.129801975,0
90,13,1,2.36609917,0.129801975,0
91,13,1,2.374510156,0.129801975,0
92,13,1,2.383190175,0.129801975,0
93,13,1,2.39216447,0.129801975,0
94,13,1,2.401458283,0.129801975,0
95,13,1,2.411096856,0.129801975,0
40,14,1,2.086244315,0.129801975,0
41,14,1,2.088015161,0.129801975,0
42,14,1,2.089809431,0.129801975,0
43,14,1,2.091639973,0.129801975,0
44,14,1,2.093519635,0.129801975,0
45,14,1,2.095461266,0.129801975,0
46,14,1,2.097477715,0.129801975,0
47,14,1,2.099581829,0.129801975,0
48,14,1,2.101786508,0.129801975,0
49,14,1,2.104130937,0.129801975,0
50,14,1,2.106723267,0.129801975,0
51,14,1,2.109682824,0.129801975,0
52,14,1,2.113128935,0.129801975,0
53,14,1,2.117180929,0.129801975,0
54,14,1,2.121958131,0.129801975,0
55,14,1,2.127579868,0.129801975,0
56,14,1,2.134164215,0.129801975,0
57,14,1,2.141719981,0.129801975,0
58,14,1,2.150063477,0.129801975,0
59,14,1,2.158991418,0.129801975,0
60,14,1,2.168300518,0.129801975,0
61,14,1,2.177787492,0.129801975,0
62,14,1,2.187249056,0.129801975,0
63,14,1,2.196481924,0.129801975,0
64,14,1,2.20528554,0.129801975,0
65,14,1,2.213549526,0.129801975,0
66,14,1,2.221272176,0.129801975,0
67,14,1,2.228458257,0.129801975,0
68,14,1,2.235112536,0.129801975,0
69,14,1,2.241239778,0.129801975,0
70,14,1,2.246844749,0.129801975,0
71,14,1,2.251932217,0.129801975,0
72,14,1,2.256511042,0.129801975,0
73,14,1,2.260658881,0.129801975,0
74,14,1,2.264510477,0.129801975,0
75,14,1,2.268202298,0.129801975,0
76,14,1,2.271870812,0.129801975,0
77,14,1,2.27565249,0.129801975,0
78,14,1,2.2796838,0.129801975,0
79,14,1,2.284101211,0.129801975,0
80,14,1,2.28902989,0.129801975,0
81,14,1,2.294483962,0.129801975,0
82,14,1,2.300414527,0.129801975,0
83,14,1,2.306771964,0.129801975,0
84,14,1,2.313506649,0.129801975,0
85,14,1,2.320568959,0.129801975,0
86,14,1,2.327909272,0.129801975,0
87,14,1,2.335477965,0.129801975,0
88,14,1,2.343233273,0.129801975,0
89,14,1,2.351181921,0.129801975,0
90,14,1,2.359349118,0.129801975,0
91,14,1,2.367760104,0.129801975,0
92,14,1,2.376440123,0.129801975,0
93,14,1,2.385414418,0.129801975,0
94,14,1,2.394708231,0.129801975,0
95,14,1,2.404346804,0.129801975,0
40,15,1,2.079494263,0.129801975,0
41,15,1,2.081265109,0.129801975,0
42,15,1,2.083059379,0.129801975,0
43,15,1,2.084889921,0.129801975,0
44,15,1,2.086769583,0.129801975,0
45,15,1,2.088711214,0.129801975,0
46,15,1,2.090727663,0.129801975,0
47,15,1,2.092831777,0.129801975,0
48,15,1,2.095036456,0.129801975,0
49,15,1,2.097380885,0.129801975,0
50,15,1,2.099973215,0.129801975,0
51,15,1,2.102932772,0.129801975,0
52,15,1,2.106378883,0.129801975,0
53,15,1,2.110430877,0.129801975,0
54,15,1,2.115208079,0.129801975,0
55,15,1,2.120829816,0.129801975,0
56,15,1,2.127414163,0.129801975,0
57,15,1,2.134969929,0.129801975,0
58,15,1,2.143313425,0.129801975,0
59,15,1,2.152241366,0.129801975,0
60,15,1,2.161550466,0.129801975,0
61,15,1,2.17103744,0.129801975,0
62,15,1,2.180499004,0.129801975,0
63,15,1,2.189731872,0.129801975,0
64,15,1,2.198535488,0.129801975,0
65,15,1,2.206799474,0.129801975,0
66,15,1,2.214522124,0.129801975,0
67,15,1,2.221708205,0.129801975,0
68,15,1,2.228362484,0.129801975,0
69,15,1,2.234489726,0.129801975,0
70,15,1,2.240094697,0.129801975,0
71,15,1,2.245182165,0.129801975,0
72,15,1,2.24976099,0.129801975,0
73,15,1,2.253908829,0.129801975,0
74,15,1,2.257760425,0.129801975,0
75,15,1,2.261452246,0.129801975,0
76,15,1,2.26512076,0.129801975,0
77,15,1,2.268902438,0.129801975,0
78,15,1,2.272933748,0.129801975,0
79,15,1,2.277351159,0.129801975,0
80,15,1,2.282279838,0.129801975,0
81,15,1,2.28773391,0.129801975,0
82,15,1,2.293664475,0.129801975,0
83,15,1,2.300021912,0.129801975,0
84,15,1,2.306756597,0.129801975,0
85,15,1,2.313818907,0.129801975,0
86,15,1,2.32115922,0.129801975,0
87,15,1,2.328727913,0.129801975,0
88,15,1,2.336483221,0.129801975,0
89,15,1,2.344431869,0.129801975,0
90,15,1,2.352599066,0.129801975,0
91,15,1,2.361010052,0.129801975,0
92,15,1,2.369690071,0.129801975,0
93,15,1,2.378664366,0.129801975,0
94,15,1,2.387958179,0.129801975,0
95,15,1,2.397596752,0.129801975,0
40,16,1,2.072744211,0.129801975,0
41,16,1,2.074515057,0.129801975,0
42,16,1,2.076309327,0.129801975,0
43,16,1,2.078139869,0.129801975,0
44,16,1,2.080019531,0.129801975,0
45,16,1,2.081961162,0.129801975,-2.010461229
46,16,1,2.083977611,0.129801975,0
47,16,1,2.086081725,0.129801975,0
48,16,1,2.088286404,0.129801975,0
49,16,1,2.090630833,0.129801975,0
50,16,1,2.093223163,0.129801975,0
51,16,1,2.09618272,0.129801975,0
52,16,1,2.099628831,0.129801975,0
53,16,1,2.103680825,0.129801975,0
54,16,1,2.108458027,0.129801975,0
55,16,1,2.114079764,0.129801975,0
56,16,1,2.120664111,0.129801975,0
57,16,1,2.128219877,0.129801975,0
58,16,1,2.136563373,0.129801975,0
59,16,1,2.145491313,0.129801975,0
60,16,1,2.154800414,0.129801975,-1.449304501
61,16,1,2.164287388,0.129801975,0
62,16,1,2.173748952,0.129801975,0
63,16,1,2.18298182,0.129801975,0
64,16,1,2.191785436,0.129801975,0
65,16,1,2.200049422,0.129801975,0
66,16,1,2.207772072,0.129801975,0
67,16,1,2.214958153,0.129801975,0
68,16,1,2.221612432,0.129801975,0
69,16,1,2.227739674,0.129801975,0
70,16,1,2.233344645,0.129801975,0
71,16,1,2.238432113,0.129801975,0
72,16,1,2.243010937,0.129801975,0
73,16,1,2.247158777,0.129801975,0
74,16,1,2.251010373,0.129801975,0
75,16,1,2.254702194,0.129801975,-0.679656889
76,16,1,2.258370708,0.129801975,0
77,16,1,2.262152386,0.129801975,0
78,16,1,2.266183696,0.129801975,0
79,16,1,2.270601107,0.129801975,0
80,16,1,2.275529786,0.129801975,0
81,16,1,2.280983858,0.129801975,0
82,16,1,2.286914423,0.129801975,0
83,16,1,2.29327186,0.129801975,0
84,16,1,2.300006545,0.129801975,0
85,16,1,2.307068855,0.129801975,0
86,16,1,2.314409168,0.129801975,0
87,16,1,2.321977861,0.129801975,0
88,16,1,2.329733169,0.129801975,0
89,16,1,2.337681817,0.129801975,0
90,16,1,2.345849013,0.129801975,0
91,16,1,2.35426,0.129801975,0
92,16,1,2.362940019,0.129801975,0
93,16,1,2.371914314,0.129801975,0
94,16,1,2.381208126,0.129801975,0
95,16,1,2.3908467,0.129801975,0
40,17,1,2.065994159,0.129801975,0
41,17,1,2.067765005,0.129801975,0
42,17,1,2.069559275,0.129801975,0
43,17,1,2.071389817,0.129801975,0
44,17,1,2.073269479,0.129801975,0
45,17,1,2.07521111,0.129801975,0
46,17,1,2.077227559,0.129801975,0
47,17,1,2.079331673,0.129801975,0
48,17,1,2.081536352,0.129801975,0
49,17,1,2.083880781,0.129801975,0
50,17,1,2.086473111,0.129801975,0
51,17,1,2.089432668,0.129801975,0
52,17,1,2.092878779,0.129801975,0
53,17,1,2.096930773,0.129801975,0
54,17,1,2.101707975,0.129801975,0
55,17,1,2.107329712,0.129801975,0
56,17,1,2.113914059,0.129801975,0
57,17,1,2.121469825,0.129801975,0
58,17,1,2.129813321,0.129801975,0
59,17,1,2.138741261,0.129801975,0
60,17,1,2.148050362,0.129801975,0
61,17,1,2.157537336,0.129801975,0
62,17,1,2.1669989,0.129801975,0
63,17,1,2.176231768,0.129801975,0
64,17,1,2.185035384,0.129801975,0
65,17,1,2.19329937,0.129801975,0
66,17,1,2.20102202,0.129801975,0
67,17,1,2.208208101,0.129801975,0
68,17,1,2.21486238,0.129801975,0
69,17,1,2.220989622,0.129801975,0
70,17,1,2.226594593,0.129801975,0
71,17,1,2.23168206,0.129801975,0
72,17,1,2.236260885,0.129801975,0
73,17,1,2.240408725,0.129801975,0
74,17,1,2.244260321,0.129801975,0
75,17,1,2.247952142,0.129801975,0
76,17,1,2.251620656,0.129801975,0
77,17,1,2.255402334,0.129801975,0
78,17,1,2.259433644,0.129801975,0
79,17,1,2.263851055,0.129801975,0
80,17,1,2.268779734,0.129801975,0
81,17,1,2.274233806,0.129801975,0
82,17,1,2.280164371,0.129801975,0
83,17,1,2.286521808,0.129801975,0
84,17,1,2.293256493,0.129801975,0
85,17,1,2.300318803,0.129801975,0
86,17,1,2.307659116,0.129801975,0
87,17,1,2.315227809,0.129801975,0
88,17,1,2.322983117,0.129801975,0
89,17,1,2.330931765,0.129801975,0
90,17,1,2.339098961,0.129801975,0
91,17,1,2.347509948,0.129801975,0
92,17,1,2.356189967,0.129801975,0
93,17,1,2.365164262,0.129801975,0
94,17,1,2.374458074,0.129801975,0
95,17,1,2.384096648,0.129801975,0
40,18,1,2.059244107,0.129801975,0
41,18,1,2.061014953,0.129801975,0
42,18,1,2.062809223,0.129801975,0
43,18,1,2.064639765,0.129801975,0
44,18,1,2.066519427,0.129801975,0
45,18,1,2.068461058,0.129801975,0
46,18,1,2.070477507,0.129801975,0
47,18,1,2.072581621,0.129801975,0
48,18,1,2.0747863,0.129801975,0
49,18,1,2.077130729,0.129801975,0
50,18,1,2.079723059,0.129801975,0
51,18,1,2.082682616,0.129801975,0
52,18,1,2.086128727,0.129801975,0
53,18,1,2.090180721,0.129801975,0
54,18,1,2.094957923,0.129801975,0
55,18,1,2.10057966,0.129801975,0
56,18,1,2.107164007,0.129801975,0
57,18,1,2.114719773,0.129801975,0
58,18,1,2.123063269,0.129801975,0
59,18,1,2.131991209,0.129801975,0
60,18,1,2.14130031,0.129801975,0
61,18,1,2.150787284,0.129801975,0
62,18,1,2.160248848,0.129801975,0
63,18,1,2.169481716,0.129801975,0
64,18,1,2.178285332,0.129801975,0
65,18,1,2.186549317,0.129801975,0
66,18,1,2.194271968,0.129801975,0
67,18,1,2.201458049,0.129801975,0
68,18,1,2.208112328,0.129801975,0
69,18,1,2.21423957,0.129801975,0
70,18,1,2.219844541,0.129801975,0
71,18,1,2.224932008,0.129801975,0
72,18,1,2.229510833,0.129801975,0
73,18,1,2.233658673,0.129801975,0
74,18,1,2.237510269,0.129801975,0
75,18,1,2.24120209,0.129801975,0
76,18,1,2.244870604,0.129801975,0
77,18,1,2.248652282,0.129801975,0
78,18,1,2.252683592,0.129801975,0
79,18,1,2.257101003,0.129801975,0
80,18,1,2.262029682,0.129801975,0
81,18,1,2.267483754,0.129801975,0
82,18,1,2.273414319,0.129801975,0
83,18,1,2.279771756,0.129801975,0
84,18,1,2.286506441,0.129801975,0
85,18,1,2.293568751,0.129801975,0
86,18,1,2.300909064,0.129801975,0
87,18,1,2.308477757,0.129801975,0
88,18,1,2.316233065,0.129801975,0
89,18,1,2.324181713,0.129801975,0
90,18,1,2.332348909,0.129801975,0
91,18,1,2.340759896,0.129801975,0
92,18,1,2.349439915,0.129801975,0
93,18,1,2.35841421,0.129801975,0
94,18,1,2.367708022,0.129801975,0
95,18,1,2.377346596,0.129801975,0
40,19,1,2.052494055,0.129801975,0
41,19,1,2.054264901,0.129801975,0
42,19,1,2.056059171,0.129801975,0
43,19,1,2.057889713,0.129801975,0
44,19,1,2.059769375,0.129801975,0
45,19,1,2.061711006,0.129801975,0
46,19,1,2.063727455,0.129801975,0
47,19,1,2.065831569,0.129801975,0
48,19,1,2.068036248,0.129801975,0
49,19,1,2.070380677,0.129801975,0
50,19,1,2.072973007,0.129801975,0
51,19,1,2.075932564,0.129801975,0
52,19,1,2.079378675,0.129801975,0
53,19,1,2.083430669,0.129801975,0
54,19,1,2.088207871,0.129801975,0
55,19,1,2.093829608,0.129801975,0
56,19,1,2.100413955,0.129801975,0
57,19,1,2.107969721,0.129801975,0
58,19,1,2.116313217,0.129801975,0
59,19,1,2.125241157,0.129801975,0
60,19,1,2.134550258,0.129801975,0
61,19,1,2.144037232,0.129801975,0
62,19,1,2.153498796,0.129801975,0
63,19,1,2.162731664,0.129801975,0
64,19,1,2.17153528,0.129801975,0
65,19,1,2.179799265,0.129801975,0
66,19,1,2.187521916,0.129801975,0
67,19,1,2.194707997,0.129801975,0
68,19,1,2.201362276,0.129801975,0
69,19,1,2.207489518,0.129801975,0
70,19,1,2.213094489,0.129801975,0
71,19,1,2.218181956,0.129801975,0
72,19,1,2.222760781,0.129801975,0
73,19,1,2.226908621,0.129801975,0
74,19,1,2.230760217,0.129801975,0
75,19,1,2.234452038,0.129801975,0
76,19,1,2.238120552,0.129801975,0
77,19,1,2.24190223,0.129801975,0
78,19,1,2.24593354,0.129801975,0
79,19,1,2.250350951,0.129801975,0
80,19,1,2.25527963,0.129801975,0
81,19,1,2.260733702,0.129801975,0
82,19,1,2.266664267,0.129801975,0
83,19,1,2.273021704,0.129801975,0
84,19,1,2.279756389,0.129801975,0
85,19,1,2.286818699,0.129801975,0
86,19,1,2.294159012,0.129801975,0
87,19,1,2.301727705,0.129801975,0
88,19,1,2.309483012,0.129801975,0
89,19,1,2.317431661,0.129801975,0
90,19,1,2.325598857,0.129801975,0
91,19,1,2.334009844,0.129801975,0
92,19,1,2.342689863,0.129801975,0
93,19,1,2.351664158,0.129801975,0
94,19,1,2.36095797,0.129801975,0
95,19,1,2.370596544,0.129801975,0
40,20,1,2.045744003,0.129801975,0
41,20,1,2.047514849,0.129801975,0
42,20,1,2.049309119,0.129801975,0
43,20,1,2.05113966,0.129801975,0
44,20,1,2.053019323,0.129801975,0
45,20,1,2.054960954,0.129801975,0
46,20,1,2.056977402,0.129801975,0
47,20,1,2.059081517,0.129801975,0
48,20,1,2.061286196,0.129801975,0
49,20,1,2.063630625,0.129801975,0
50,20,1,2.066222955,0.129801975,0
51,20,1,2.069182512,0.129801975,0
52,20,1,2.072628623,0.129801975,0
53,20,1,2.076680617,0.129801975,0
54,20,1,2.081457819,0.129801975,0
55,20,1,2.087079556,0.129801975,0
56,20,1,2.093663903,0.129801975,0
57,20,1,2.101219669,0.129801975,0
58,20,1,2.109563165,0.129801975,0
59,20,1,2.118491105,0.129801975,0
60,20,1,2.127800205,0.129801975,0
61,20,1,2.13728718,0.129801975,0
62,20,1,2.146748744,0.129801975,0
63,20,1,2.155981612,0.129801975,0
64,20,1,2.164785228,0.129801975,0
65,20,1,2.173049213,0.129801975,0
66,20,1,2.180771864,0.129801975,0
67,20,1,2.187957945,0.129801975,0
68,20,1,2.194612224,0.129801975,0
69,20,1,2.200739466,0.129801975,0
70,20,1,2.206344437,0.129801975,0
71,20,1,2.211431904,0.129801975,0
72,20,1,2.216010729,0.129801975,0
73,20,1,2.220158569,0.129801975,0
74,20,1,2.224010165,0.129801975,0
75,20,1,2.227701985,0.129801975,0
76,20,1,2.2313705,0.129801975,0
77,20,1,2.235152178,0.129801975,0
78,20,1,2.239183488,0.129801975,0
79,20,1,2.243600899,0.129801975,0
80,20,1,2.248529578,0.129801975,0
81,20,1,2.25398365,0.129801975,0
82,20,1,2.259914215,0.129801975,0
83,20,1,2.266271652,0.129801975,0
84,20,1,2.273006337,0.129801975,0
85,20,1,2.280068647,0.129801975,0
86,20,1,2.28740896,0.129801975,0
87,20,1,2.294977653,0.129801975,0
88,20,1,2.30273296,0.129801975,0
89,20,1,2.310681609,0.129801975,0
90,20,1,2.318848805,0.129801975,0
91,20,1,2.327259792,0.129801975,0
92,20,1,2.335939811,0.129801975,0
93,20,1,2.344914106,0.129801975,0
94,20,1,2.354207918,0.129801975,0
95,20,1,2.363846492,0.129801975,0